{
    "curves": [
        {
            "control_points": [
                [
                    0.0,
                    -0.25,
                    0.0
                ],
                [
                    0.550000011920929,
                    -0.550000011920929,
                    0.0
                ],
                [
                    0.25,
                    0.0,
                    0.0
                ],
                [
                    0.550000011920929,
                    0.550000011920929,
                    0.0
                ],
                [
                    -0.550000011920929,
                    0.550000011920929,
                    0.0
                ],
                [
                    -0.25,
                    0.0,
                    0.0
                ],
                [
                    0.0,
                    -0.25,
                    0.0
                ],
                [
                    0.550000011920929,
                    -0.550000011920929,
                    0.0
                ],
                [
                    0.25,
                    0.0,
                    0.0
                ]
            ],
            "type": "bspline"
        },
        {
            "control_points": [
                [
                    -1.4272730350494385,
                    0.4245449900627136,
                    0.9293389916419983
                ],
                [
                    -1.76727294921875,
                    -1.5854549407958984,
                    0.3711569905281067
                ],
                [
                    0.9127269983291626,
                    -1.5854549407958984,
                    -0.2788429856300354
                ],
                [
                    1.9227269887924194,
                    -0.25545498728752136,
                    -0.08066099882125854
                ],
                [
                    1.5827269554138184,
                    1.3745449781417847,
                    -1.0506609678268433
                ],
                [
                    0.21272699534893036,
                    1.0345449447631836,
                    -1.260661005973816
                ],
                [
                    -1.0972729921340942,
                    1.444545030593872,
                    0.25933900475502014
                ],
                [
                    -1.4272730350494385,
                    0.4245449900627136,
                    0.9293389916419983
                ],
                [
                    -1.76727294921875,
                    -1.5854549407958984,
                    0.3711569905281067
                ],
                [
                    0.9127269983291626,
                    -1.5854549407958984,
                    -0.2788429856300354
                ]
            ],
            "type": "bspline"
        }
    ],
    "surfaces": [
        {
            "curve_indices": [
                0,
                1
            ],
            "type": "gen_cyl"
        }
    ]
}